股票代號,股票名稱,YahooFinanceSymbol,YearStartPrice
1101,台泥,1101.TW,31.55
1102,亞泥,1102.TW,40.25
1103,嘉泥,1103.TW,16.90
1104,環泥,1104.TW,28.45
1108,幸福,1108.TW,14.45
1109,信大,1109.TW,17.65
1110,東泥,1110.TW,20.40
1201,味全,1201.TW,17.80
1203,味王,1203.TW,40.00
1210,大成,1210.TW,51.10
1213,大飲,1213.TW,15.75
1215,卜蜂,1215.TW,90.50
1216,統一,1216.TW,80.40
1217,愛之味,1217.TW,11.70
1218,泰山,1218.TW,19.70
1219,福壽,1219.TW,15.10
1220,台榮,1220.TW,17.65
1225,福懋油,1225.TW,40.35
1227,佳格,1227.TW,36.45
1229,聯華,1229.TW,50.60
1231,聯華食,1231.TW,139.00
1232,大統益,1232.TW,146.00
1233,天仁,1233.TW,29.70
1234,黑松,1234.TW,40.85
1235,興泰,1235.TW,72.10
1236,宏亞,1236.TW,22.80
1240,茂生農經,1240.TWO,52.20
1256,鮮活果汁-KY,1256.TW,131.50
1259,安心,1259.TWO,64.00
1264,德麥,1264.TWO,311.50
1268,漢來美食,1268.TWO,150.00
1294,漢田生技,1294.TWO,94.00
1301,台塑,1301.TW,35.30
1303,南亞,1303.TW,29.70
1304,台聚,1304.TW,10.75
1305,華夏,1305.TW,11.85
1307,三芳,1307.TW,36.80
1308,亞聚,1308.TW,13.50
1309,台達化,1309.TW,13.70
1310,台苯,1310.TW,9.50
1312,國喬,1312.TW,10.45
1313,聯成,1313.TW,8.86
1314,中石化,1314.TW,7.32
1315,達新,1315.TW,69.60
1316,上曜,1316.TW,15.25
1319,東陽,1319.TW,111.50
1321,大洋,1321.TW,32.70
1323,永裕,1323.TW,24.30
1324,地球,1324.TW,12.65
1325,恆大,1325.TW,29.10
1326,台化,1326.TW,27.10
1336,台翰,1336.TWO,24.45
1337,再生-KY,1337.TW,6.53
1338,廣華-KY,1338.TW,27.25
1339,昭輝,1339.TW,55.10
1340,勝悅-KY,1340.TW,9.10
1341,富林-KY,1341.TW,67.30
1342,八貫,1342.TW,99.90
1402,遠東新,1402.TW,31.45
1409,新纖,1409.TW,14.65
1410,南染,1410.TW,35.45
1413,宏洲,1413.TW,10.90
1414,東和,1414.TW,24.70
1416,廣豐,1416.TW,12.95
1417,嘉裕,1417.TW,9.70
1418,東華,1418.TW,29.95
1419,新紡,1419.TW,43.95
1423,利華,1423.TW,36.80
1432,大魯閣,1432.TW,20.90
1434,福懋,1434.TW,18.25
1435,中福,1435.TW,32.35
1436,華友聯,1436.TW,123.50
1437,勤益控,1437.TW,33.25
1438,三地開發,1438.TW,55.00
1439,雋揚,1439.TW,32.30
1440,南紡,1440.TW,14.00
1441,大東,1441.TW,14.00
1442,名軒,1442.TW,75.80
1443,立益物流,1443.TW,31.30
1444,力麗,1444.TW,8.86
1445,大宇,1445.TW,16.65
1446,宏和,1446.TW,40.65
1447,力鵬,1447.TW,7.12
1449,佳和,1449.TW,22.85
1451,年興,1451.TW,19.60
1452,宏益,1452.TW,15.20
1453,大將,1453.TW,14.95
1454,台富,1454.TW,14.90
1455,集盛,1455.TW,9.64
1456,怡華,1456.TW,15.90
1457,宜進,1457.TW,19.60
1459,聯發,1459.TW,10.00
1460,宏遠,1460.TW,7.19
1463,強盛新,1463.TW,24.90
1464,得力,1464.TW,16.70
1465,偉全,1465.TW,14.15
1466,聚隆,1466.TW,11.80
1467,南緯,1467.TW,10.30
1468,昶和,1468.TW,13.35
1470,大統新創,1470.TW,23.05
1471,首利,1471.TW,13.30
1472,三洋實業,1472.TW,63.60
1473,台南,1473.TW,35.30
1474,弘裕,1474.TW,12.55
1475,業旺,1475.TW,56.90
1476,儒鴻,1476.TW,503.00
1477,聚陽,1477.TW,320.00
1503,士電,1503.TW,192.00
1504,東元,1504.TW,52.20
1506,正道,1506.TW,12.85
1512,瑞利,1512.TW,6.85
1513,中興電,1513.TW,155.00
1514,亞力,1514.TW,101.00
1515,力山,1515.TW,30.50
1516,川飛,1516.TW,17.90
1517,利奇,1517.TW,13.70
1519,華城,1519.TW,565.00
1521,大億,1521.TW,29.75
1522,堤維西,1522.TW,63.30
1524,耿鼎,1524.TW,38.00
1525,江申,1525.TW,60.50
1526,日馳,1526.TW,24.45
1527,鑽全,1527.TW,41.85
1528,恩德,1528.TW,14.60
1529,樂事綠能,1529.TW,24.10
1530,亞崴,1530.TW,31.60
1531,高林股,1531.TW,13.90
1532,勤美,1532.TW,31.00
1533,車王電,1533.TW,39.05
1535,中宇,1535.TW,61.90
1536,和大,1536.TW,68.00
1537,廣隆,1537.TW,154.50
1538,正峰,1538.TW,29.15
1539,巨庭,1539.TW,22.40
1540,喬福,1540.TW,37.05
1541,錩泰,1541.TW,27.40
1558,伸興,1558.TW,111.00
1560,中砂,1560.TW,286.50
1563,巧新,1563.TW,60.00
1565,精華,1565.TWO,198.00
1568,倉佑,1568.TW,27.80
1569,濱川,1569.TWO,50.70
1570,力肯,1570.TWO,29.05
1580,新麥,1580.TWO,147.50
1582,信錦,1582.TW,91.10
1583,程泰,1583.TW,67.60
1584,精剛,1584.TWO,28.95
1586,和勤,1586.TWO,27.40
1587,吉茂,1587.TW,34.60
1589,永冠-KY,1589.TW,35.20
1590,亞德客-KY,1590.TW,841.00
1591,駿吉-KY,1591.TWO,53.50
1593,祺驊,1593.TWO,35.80
1595,川寶,1595.TWO,52.80
1597,直得,1597.TW,120.00
1598,岱宇,1598.TW,27.10
1599,宏佳騰,1599.TWO,30.50
1603,華電,1603.TW,35.90
1604,聲寶,1604.TW,28.05
1605,華新,1605.TW,23.65
1608,華榮,1608.TW,25.95
1609,大亞,1609.TW,44.30
1611,中電,1611.TW,15.75
1612,宏泰,1612.TW,33.80
1614,三洋電,1614.TW,38.25
1615,大山,1615.TW,55.30
1616,億泰,1616.TW,19.55
1617,榮星,1617.TW,17.75
1618,合機,1618.TW,47.25
1626,艾美特-KY,1626.TW,13.80
1702,南僑,1702.TW,49.50
1707,葡萄王,1707.TW,149.50
1708,東鹼,1708.TW,37.10
1709,和益,1709.TW,20.40
1710,東聯,1710.TW,14.20
1711,永光,1711.TW,21.00
1712,興農,1712.TW,43.10
1713,國化,1713.TW,45.80
1714,和桐,1714.TW,7.96
1717,長興,1717.TW,27.80
1718,中纖,1718.TW,7.34
1720,生達,1720.TW,61.50
1721,三晃,1721.TW,16.00
1722,台肥,1722.TW,50.80
1723,中碳,1723.TW,91.80
1725,元禎,1725.TW,35.05
1726,永記,1726.TW,75.50
1727,中華化,1727.TW,29.30
1730,花仙子,1730.TW,54.50
1731,美吾華,1731.TW,22.90
1732,毛寶,1732.TW,28.25
1733,五鼎,1733.TW,30.35
1734,杏輝,1734.TW,31.15
1735,日勝化,1735.TW,20.90
1736,喬山,1736.TW,182.50
1737,臺鹽,1737.TW,32.45
1742,台蠟,1742.TWO,17.20
1752,南光,1752.TW,41.15
1760,寶齡富錦,1760.TW,83.10
1762,中化生,1762.TW,33.90
1773,勝一,1773.TW,156.00
1776,展宇,1776.TW,18.70
1777,生泰,1777.TWO,94.10
1781,合世,1781.TWO,17.95
1783,和康生,1783.TW,49.60
1784,訊聯,1784.TWO,79.70
1785,光洋科,1785.TWO,62.30
1786,科妍,1786.TW,105.00
1788,杏昌,1788.TWO,139.50
1789,神隆,1789.TW,22.35
1795,美時,1795.TW,270.00
1796,金穎生技,1796.TWO,46.05
1799,易威,1799.TWO,64.00
1802,台玻,1802.TW,16.35
1805,寶徠,1805.TW,17.25
1806,冠軍,1806.TW,9.81
1808,潤隆,1808.TW,37.30
1809,中釉,1809.TW,19.60
1810,和成,1810.TW,17.40
1813,寶利徠,1813.TWO,18.25
1815,富喬,1815.TWO,26.60
1817,凱撒衛,1817.TW,41.10
1903,士紙,1903.TW,51.80
1904,正隆,1904.TW,18.90
1905,華紙,1905.TW,16.40
1906,寶隆,1906.TW,13.70
1907,永豐餘,1907.TW,29.55
1909,榮成,1909.TW,11.55
2002,中鋼,2002.TW,19.60
2006,東和鋼鐵,2006.TW,67.60
2007,燁興,2007.TW,9.39
2008,高興昌,2008.TW,30.00
2009,第一銅,2009.TW,36.80
2010,春源,2010.TW,17.85
2012,春雨,2012.TW,24.40
2013,中鋼構,2013.TW,50.00
2014,中鴻,2014.TW,17.60
2015,豐興,2015.TW,69.70
2017,官田鋼,2017.TW,10.90
2020,美亞,2020.TW,28.00
2022,聚亨,2022.TW,8.51
2023,燁輝,2023.TW,15.00
2024,志聯,2024.TW,19.05
2025,千興,2025.TW,9.33
2027,大成鋼,2027.TW,30.20
2028,威致,2028.TW,20.80
2029,盛餘,2029.TW,23.75
2030,彰源,2030.TW,16.50
2031,新光鋼,2031.TW,45.95
2032,新鋼,2032.TW,13.25
2033,佳大,2033.TW,22.75
2034,允強,2034.TW,19.50
2035,唐榮,2035.TWO,31.00
2038,海光,2038.TW,15.20
2049,上銀,2049.TW,330.00
2059,川湖,2059.TW,1550.00
2061,風青,2061.TWO,18.25
2062,橋椿,2062.TW,33.10
2063,世鎧,2063.TWO,34.10
2064,晉椿,2064.TWO,14.95
2065,世豐,2065.TWO,52.10
2066,世德,2066.TWO,88.70
2067,嘉鋼,2067.TWO,11.00
2069,運錩,2069.TW,15.80
2070,精湛,2070.TWO,74.10
2073,雄順,2073.TWO,28.50
2101,南港,2101.TW,45.40
2102,泰豐,2102.TW,18.85
2103,台橡,2103.TW,20.00
2104,國際中橡,2104.TW,12.60
2105,正新,2105.TW,48.95
2106,建大,2106.TW,27.05
2107,厚生,2107.TW,25.75
2108,南帝,2108.TW,33.85
2109,華豐,2109.TW,18.00
2114,鑫永銓,2114.TW,93.20
2115,六暉-KY,2115.TW,30.60
2201,裕隆,2201.TW,51.20
2204,中華,2204.TW,79.90
2206,三陽工業,2206.TW,69.30
2207,和泰車,2207.TW,612.00
2208,台船,2208.TW,15.05
2211,長榮鋼,2211.TW,89.10
2221,大甲,2221.TWO,28.80
2227,裕日車,2227.TW,75.30
2228,劍麟,2228.TW,98.80
2230,泰茂,2230.TWO,112.50
2231,為升,2231.TW,106.00
2233,宇隆,2233.TW,283.00
2235,謚源,2235.TWO,46.40
2236,百達-KY,2236.TW,125.00
2239,英利-KY,2239.TW,34.65
2241,艾姆勒,2241.TW,27.90
2243,宏旭-KY,2243.TW,16.85
2247,汎德永業,2247.TW,298.00
2250,IKKA-KY,2250.TW,135.00
2254,巨鎧精密-創,2254.TW,80.40
2258,鴻華先進-創,2258.TW,41.55
2301,光寶科,2301.TW,99.80
2302,麗正,2302.TW,18.65
2303,聯電,2303.TW,42.90
2305,全友,2305.TW,14.85
2308,台達電,2308.TW,430.50
2312,金寶,2312.TW,26.40
2313,華通,2313.TW,69.90
2314,台揚,2314.TW,39.70
2316,楠梓電,2316.TW,47.20
2317,鴻海,2317.TW,184.00
2321,東訊,2321.TW,15.10
2323,中環,2323.TW,10.15
2324,仁寶,2324.TW,37.45
2327,國巨,2327.TW,538.00
2328,廣宇,2328.TW,41.80
2329,華泰,2329.TW,34.60
2330,台積電,2330.TW,1070.00
2331,精英,2331.TW,22.15
2332,友訊,2332.TW,25.50
2337,旺宏,2337.TW,19.65
2338,光罩,2338.TW,49.20
2340,台亞,2340.TW,29.40
2342,茂矽,2342.TW,31.70
2344,華邦電,2344.TW,14.60
2345,智邦,2345.TW,769.00
2347,聯強,2347.TW,70.80
2348,海悅,2348.TW,202.50
2349,錸德,2349.TW,13.95
2351,順德,2351.TW,94.40
2352,佳世達,2352.TW,33.45
2353,宏碁,2353.TW,39.65
2354,鴻準,2354.TW,74.70
2355,敬鵬,2355.TW,38.80
2356,英業達,2356.TW,50.30
2357,華碩,2357.TW,616.00
2359,所羅門,2359.TW,169.50
2360,致茂,2360.TW,409.00
2362,藍天,2362.TW,52.00
2363,矽統,2363.TW,71.30
2364,倫飛,2364.TW,80.80
2365,昆盈,2365.TW,47.70
2367,燿華,2367.TW,33.10
2368,金像電,2368.TW,242.00
2369,菱生,2369.TW,17.70
2371,大同,2371.TW,47.95
2373,震旦行,2373.TW,62.60
2374,佳能,2374.TW,65.70
2375,凱美,2375.TW,68.70
2376,技嘉,2376.TW,271.50
2377,微星,2377.TW,182.50
2379,瑞昱,2379.TW,563.00
2380,虹光,2380.TW,4.33
2382,廣達,2382.TW,285.00
2383,台光電,2383.TW,615.00
2385,群光,2385.TW,151.50
2387,精元,2387.TW,61.00
2388,威盛,2388.TW,100.50
2390,云辰,2390.TW,11.75
2392,正崴,2392.TW,72.50
2393,億光,2393.TW,84.70
2395,研華,2395.TW,344.50
2397,友通,2397.TW,74.40
2399,映泰,2399.TW,25.55
2401,凌陽,2401.TW,30.45
2402,毅嘉,2402.TW,38.50
2404,漢唐,2404.TW,479.00
2405,輔信,2405.TW,21.50
2406,國碩,2406.TW,14.85
2408,南亞科,2408.TW,29.10
2409,友達,2409.TW,14.55
2412,中華電,2412.TW,123.50
2413,環科,2413.TW,26.30
2414,精技,2414.TW,36.95
2415,錩新,2415.TW,30.90
2417,圓剛,2417.TW,49.85
2419,仲琦,2419.TW,30.20
2420,新巨,2420.TW,65.40
2421,建準,2421.TW,97.70
2423,固緯,2423.TW,40.85
2424,隴華,2424.TW,63.60
2425,承啟,2425.TW,34.00
2426,鼎元,2426.TW,23.00
2427,三商電,2427.TW,26.50
2428,興勤,2428.TW,151.00
2429,銘旺科,2429.TW,31.80
2430,燦坤,2430.TW,30.10
2431,聯昌,2431.TW,13.85
2432,倚天酷碁-創,2432.TW,29.10
2433,互盛電,2433.TW,50.00
2434,統懋,2434.TW,33.00
2436,偉詮電,2436.TW,55.40
2438,翔耀,2438.TW,32.25
2439,美律,2439.TW,108.00
2440,太空梭,2440.TW,12.85
2441,超豐,2441.TW,58.30
2442,新美齊,2442.TW,25.20
2444,兆勁,2444.TW,19.25
2449,京元電子,2449.TW,111.50
2450,神腦,2450.TW,32.20
2451,創見,2451.TW,86.70
2453,凌群,2453.TW,58.50
2454,聯發科,2454.TW,1395.00
2455,全新,2455.TW,166.00
2457,飛宏,2457.TW,37.00
2458,義隆,2458.TW,153.00
2459,敦吉,2459.TW,70.00
2460,建通,2460.TW,23.00
2461,光群雷,2461.TW,20.00
2462,良得電,2462.TW,26.10
2464,盟立,2464.TW,84.00
2465,麗臺,2465.TW,75.10
2466,冠西電,2466.TW,72.00
2467,志聖,2467.TW,205.50
2468,華經,2468.TW,25.20
2471,資通,2471.TW,54.00
2472,立隆電,2472.TW,81.30
2474,可成,2474.TW,194.00
2476,鉅祥,2476.TW,85.30
2477,美隆電,2477.TW,28.35
2478,大毅,2478.TW,46.10
2480,敦陽科,2480.TW,138.50
2481,強茂,2481.TW,51.30
2482,連宇,2482.TW,26.65
2483,百容,2483.TW,22.40
2484,希華,2484.TW,26.05
2485,兆赫,2485.TW,15.45
2486,一詮,2486.TW,113.00
2488,漢平,2488.TW,55.20
2489,瑞軒,2489.TW,18.30
2491,吉祥全,2491.TW,13.55
2492,華新科,2492.TW,92.50
2493,揚博,2493.TW,96.50
2495,普安,2495.TW,31.95
2496,卓越,2496.TW,82.90
2497,怡利電,2497.TW,59.10
2498,宏達電,2498.TW,49.20
2501,國建,2501.TW,24.00
2504,國產,2504.TW,49.40
2505,國揚,2505.TW,22.60
2506,太設,2506.TW,11.25
2509,全坤建,2509.TW,16.20
2511,太子,2511.TW,10.15
2514,龍邦,2514.TW,19.70
2515,中工,2515.TW,10.60
2516,新建,2516.TW,12.80
2520,冠德,2520.TW,51.20
2524,京城,2524.TW,69.10
2527,宏璟,2527.TW,37.90
2528,皇普,2528.TW,42.25
2530,華建,2530.TW,38.85
2534,宏盛,2534.TW,25.35
2535,達欣工,2535.TW,53.70
2536,宏普,2536.TW,32.40
2537,聯上發,2537.TW,12.25
2538,基泰,2538.TW,14.50
2539,櫻花建,2539.TW,52.70
2540,愛山林,2540.TW,93.20
2542,興富發,2542.TW,43.50
2543,皇昌,2543.TW,74.00
2545,皇翔,2545.TW,64.50
2546,根基,2546.TW,69.20
2547,日勝生,2547.TW,10.90
2548,華固,2548.TW,114.50
2596,綠意,2596.TWO,41.95
2597,潤弘,2597.TW,149.00
2601,益航,2601.TW,7.07
2603,長榮,2603.TW,226.50
2605,新興,2605.TW,25.05
2606,裕民,2606.TW,58.00
2607,榮運,2607.TW,31.30
2608,嘉里大榮,2608.TW,38.50
2609,陽明,2609.TW,76.20
2610,華航,2610.TW,25.70
2611,志信,2611.TW,21.25
2612,中航,2612.TW,40.65
2613,中櫃,2613.TW,34.90
2614,東森,2614.TW,16.65
2615,萬海,2615.TW,81.70
2616,山隆,2616.TW,17.10
2617,台航,2617.TW,29.50
2618,長榮航,2618.TW,44.35
2630,亞航,2630.TW,40.85
2633,台灣高鐵,2633.TW,27.80
2634,漢翔,2634.TW,44.70
2636,台驊控股,2636.TW,79.50
2637,慧洋-KY,2637.TW,67.40
2640,大車隊,2640.TWO,131.50
2641,正德,2641.TWO,18.10
2642,宅配通,2642.TW,36.70
2643,捷迅,2643.TWO,75.40
2645,長榮航太,2645.TW,97.30
2646,星宇航空,2646.TW,27.60
2701,萬企,2701.TW,12.35
2702,華園,2702.TW,16.40
2704,國賓,2704.TW,54.30
2705,六福,2705.TW,17.95
2706,第一店,2706.TW,14.45
2707,晶華,2707.TW,192.00
2712,遠雄來,2712.TW,26.55
2718,全心投控,2718.TWO,76.20
2719,燦星旅,2719.TWO,49.45
2722,夏都,2722.TW,34.60
2723,美食-KY,2723.TW,96.40
2724,藝舍-KY,2724.TWO,37.95
2726,雅茗-KY,2726.TWO,28.85
2727,王品,2727.TW,236.50
2729,瓦城,2729.TWO,203.00
2731,雄獅,2731.TW,125.50
2732,六角,2732.TWO,101.50
2734,易飛網,2734.TWO,26.70
2736,富野,2736.TWO,21.80
2739,寒舍,2739.TW,51.70
2740,天蔥,2740.TWO,39.18
2743,山富,2743.TWO,103.50
2745,五福,2745.TWO,111.00
2748,雲品,2748.TW,60.50
2751,王座,2751.TWO,66.10
2752,豆府,2752.TWO,238.00
2753,八方雲集,2753.TW,148.00
2754,亞洲藏壽司,2754.TWO,85.80
2755,揚秦,2755.TWO,103.50
2756,聯發國際,2756.TWO,67.70
2762,世界健身-KY,2762.TW,95.20
2801,彰銀,2801.TW,17.85
2809,京城銀,2809.TW,50.60
2812,台中銀,2812.TW,18.55
2816,旺旺保,2816.TW,31.15
2820,華票,2820.TW,15.00
2832,台產,2832.TW,28.60
2834,臺企銀,2834.TW,14.90
2836,高雄銀,2836.TW,11.50
2838,聯邦銀,2838.TW,15.15
2845,遠東銀,2845.TW,13.20
2849,安泰銀,2849.TW,14.00
2850,新產,2850.TW,107.00
2851,中再保,2851.TW,25.80
2852,第一保,2852.TW,25.00
2855,統一證,2855.TW,25.80
2867,三商壽,2867.TW,6.30
2880,華南金,2880.TW,26.05
2881,富邦金,2881.TW,90.00
2882,國泰金,2882.TW,68.70
2883,凱基金,2883.TW,17.15
2884,玉山金,2884.TW,26.95
2885,元大金,2885.TW,33.95
2886,兆豐金,2886.TW,38.60
2887,台新金,2887.TW,17.40
2888,新光金,2888.TW,11.80
2889,國票金,2889.TW,14.90
2890,永豐金,2890.TW,22.85
2891,中信金,2891.TW,38.95
2892,第一金,2892.TW,27.05
2897,王道銀行,2897.TW,9.86
2901,欣欣,2901.TW,29.60
2903,遠百,2903.TW,22.50
2904,匯僑,2904.TW,17.75
2905,三商,2905.TW,15.20
2906,高林,2906.TW,17.50
2908,特力,2908.TW,20.10
2910,統領,2910.TW,22.00
2911,麗嬰房,2911.TW,8.00
2912,統一超,2912.TW,263.00
2913,農林,2913.TW,20.25
2915,潤泰全,2915.TW,71.80
2916,滿心,2916.TWO,49.60
2923,鼎固-KY,2923.TW,25.05
2924,宏太-KY,2924.TWO,28.15
2926,誠品生活,2926.TWO,46.70
2929,淘帝-KY,2929.TW,14.45
2937,集雅社,2937.TWO,37.35
2939,永邑-KY,2939.TW,32.00
2941,米斯特,2941.TWO,61.90
2945,三商家購,2945.TW,39.75
2947,振宇五金,2947.TWO,83.60
2948,寶陞,2948.TWO,46.00
2949,欣新網,2949.TWO,81.60
3002,歐格,3002.TW,14.25
3003,健和興,3003.TW,78.00
3004,豐達科,3004.TW,92.00
3005,神基,3005.TW,105.50
3006,晶豪科,3006.TW,61.70
3008,大立光,3008.TW,2680.00
3010,華立,3010.TW,123.00
3011,今皓,3011.TW,22.20
3013,晟銘電,3013.TW,141.50
3014,聯陽,3014.TW,150.00
3015,全漢,3015.TW,61.30
3016,嘉晶,3016.TW,46.90
3017,奇鋐,3017.TW,623.00
3018,隆銘綠能,3018.TW,27.00
3019,亞光,3019.TW,187.00
3021,鴻名,3021.TW,27.15
3022,威強電,3022.TW,78.60
3023,信邦,3023.TW,258.50
3024,憶聲,3024.TW,19.10
3025,星通,3025.TW,75.50
3026,禾伸堂,3026.TW,85.20
3027,盛達,3027.TW,29.75
3028,增你強,3028.TW,28.50
3029,零壹,3029.TW,139.00
3030,德律,3030.TW,122.00
3031,佰鴻,3031.TW,23.20
3032,偉訓,3032.TW,89.50
3033,威健,3033.TW,33.45
3034,聯詠,3034.TW,501.00
3035,智原,3035.TW,240.50
3036,文曄,3036.TW,109.50
3037,欣興,3037.TW,142.00
3038,全台,3038.TW,28.60
3040,遠見,3040.TW,53.40
3041,揚智,3041.TW,37.65
3042,晶技,3042.TW,100.50
3043,科風,3043.TW,38.20
3044,健鼎,3044.TW,197.00
3045,台灣大,3045.TW,113.50
3046,建碁,3046.TW,48.65
3047,訊舟,3047.TW,29.60
3048,益登,3048.TW,30.65
3049,精金,3049.TW,9.05
3050,鈺德,3050.TW,17.10
3051,力特,3051.TW,33.50
3052,夆典,3052.TW,11.30
3054,立萬利,3054.TW,24.90
3055,蔚華科,3055.TW,63.30
3056,富華新,3056.TW,33.10
3057,喬鼎,3057.TW,11.55
3058,立德,3058.TW,16.25
3059,華晶科,3059.TW,38.20
3060,銘異,3060.TW,24.75
3062,建漢,3062.TW,33.65
3064,泰偉,3064.TWO,67.90
3066,李洲,3066.TWO,23.85
3067,全域,3067.TWO,28.00
3071,協禧,3071.TWO,27.20
3073,天方能源,3073.TWO,59.80
3078,僑威,3078.TWO,71.50
3081,聯亞,3081.TWO,379.00
3083,網龍,3083.TWO,42.90
3085,新零售,3085.TWO,24.50
3086,華義,3086.TWO,151.00
3088,艾訊,3088.TWO,109.50
3090,日電貿,3090.TW,70.50
3092,鴻碩,3092.TW,27.85
3093,港建*,3093.TWO,26.55
3094,聯傑,3094.TW,29.15
3095,及成,3095.TWO,41.80
3105,穩懋,3105.TWO,112.00
3114,好德,3114.TWO,25.65
3115,富榮綱,3115.TWO,9.20
3118,進階,3118.TWO,32.00
3122,笙泉,3122.TWO,31.10
3128,昇銳,3128.TWO,27.60
3130,一零四,3130.TW,220.00
3131,弘塑,3131.TWO,1485.00
3138,耀登,3138.TW,112.00
3141,晶宏,3141.TWO,74.30
3147,大綜,3147.TWO,190.50
3149,正達,3149.TW,33.55
3150,鈺寶-創,3150.TW,35.10
3152,璟德,3152.TWO,180.50
3162,精確,3162.TWO,38.85
3163,波若威,3163.TWO,145.00
3164,景岳,3164.TW,20.60
3167,大量,3167.TW,106.50
3168,眾福科,3168.TW,45.65
3169,亞信,3169.TWO,104.00
3171,炎洲流通,3171.TWO,36.05
3176,基亞,3176.TWO,31.95
3178,公準,3178.TWO,69.30
3188,鑫龍騰,3188.TWO,28.00
3189,景碩,3189.TW,100.50
3191,雲嘉南,3191.TWO,18.00
3202,樺晟,3202.TWO,6.71
3205,佰研,3205.TWO,31.65
3206,志豐,3206.TWO,42.75
3207,耀勝,3207.TWO,91.40
3209,全科,3209.TW,34.25
3211,順達,3211.TWO,210.50
3213,茂訊,3213.TWO,86.20
3217,優群,3217.TWO,158.00
3218,大學光,3218.TWO,200.00
3219,倚強科,3219.TWO,45.05
3221,台嘉碩,3221.TWO,26.00
3224,三顧,3224.TWO,46.85
3226,至寶電,3226.TWO,47.85
3227,原相,3227.TWO,262.00
3228,金麗科,3228.TWO,200.00
3229,晟鈦,3229.TW,17.85
3230,錦明,3230.TWO,61.50
3231,緯創,3231.TW,103.50
3232,昱捷,3232.TWO,22.75
3234,光環,3234.TWO,46.10
3236,千如,3236.TWO,20.55
3252,海灣,3252.TWO,20.35
3257,虹冠電,3257.TW,53.00
3259,鑫創,3259.TWO,23.40
3260,威剛,3260.TWO,78.40
3264,欣銓,3264.TWO,54.00
3265,台星科,3265.TWO,113.00
3266,昇陽,3266.TW,17.40
3268,海德威,3268.TWO,24.65
3272,東碩,3272.TWO,28.00
3276,宇環,3276.TWO,14.70
3284,太普高,3284.TWO,30.85
3285,微端,3285.TWO,28.25
3287,廣寰科,3287.TWO,35.60
3288,點晶,3288.TWO,21.40
3289,宜特,3289.TWO,135.50
3290,東浦,3290.TWO,30.60
3293,鈊象,3293.TWO,975.00
3294,英濟,3294.TWO,33.75
3296,勝德,3296.TW,29.50
3297,杭特,3297.TWO,22.75
3303,岱稜,3303.TWO,51.50
3305,昇貿,3305.TW,64.10
3306,鼎天,3306.TWO,61.20
3308,聯德,3308.TW,24.00
3310,佳穎,3310.TWO,96.00
3311,閎暉,3311.TW,34.00
3312,弘憶股,3312.TW,54.00
3313,斐成,3313.TWO,16.00
3317,尼克森,3317.TWO,45.90
3321,同泰,3321.TW,15.95
3322,建舜電,3322.TWO,17.15
3323,加百裕,3323.TWO,38.30
3324,雙鴻,3324.TWO,669.00
3325,旭品,3325.TWO,19.55
3332,幸康,3332.TWO,40.00
3338,泰碩,3338.TW,63.00
3339,泰谷,3339.TWO,32.55
3346,麗清,3346.TW,34.50
3349,寶德,3349.TWO,17.10
3354,律勝,3354.TWO,21.70
3356,奇偶,3356.TW,55.50
3357,臺慶科,3357.TWO,123.00
3360,尚立,3360.TWO,14.25
3362,先進光,3362.TWO,209.50
3363,上詮,3363.TWO,247.00
3372,典範,3372.TWO,15.05
3373,熱映,3373.TWO,22.95
3374,精材,3374.TWO,198.00
3376,新日興,3376.TW,208.50
3379,彬台,3379.TWO,37.80
3380,明泰,3380.TW,35.00
3388,崇越電,3388.TWO,68.50
3390,旭軟,3390.TWO,27.90
3402,漢科,3402.TWO,109.00
3406,玉晶光,3406.TW,510.00
3413,京鼎,3413.TW,305.00
3416,融程電,3416.TW,161.00
3419,譁裕,3419.TW,18.20
3426,台興,3426.TWO,47.25
3430,奇鈦科,3430.TWO,59.70
3432,台端,3432.TW,17.00
3434,哲固,3434.TWO,28.20
3437,榮創,3437.TW,23.75
3438,類比科,3438.TWO,62.60
3441,聯一光,3441.TWO,39.65
3443,創意,3443.TW,1365.00
3444,利機,3444.TWO,78.30
3447,展達,3447.TW,63.60
3450,聯鈞,3450.TW,284.50
3454,晶睿,3454.TW,114.50
3455,由田,3455.TWO,116.00
3465,進泰電子,3465.TWO,52.50
3466,德晉,3466.TWO,57.60
3479,安勤,3479.TWO,89.40
3481,群創,3481.TW,14.35
3483,力致,3483.TWO,147.50
3484,崧騰,3484.TWO,56.10
3489,森寶,3489.TWO,27.25
3490,單井,3490.TWO,29.50
3491,昇達科,3491.TWO,331.00
3492,長盛,3492.TWO,24.30
3494,誠研,3494.TW,17.50
3498,陽程,3498.TWO,57.50
3499,環天科,3499.TWO,21.00
3501,維熹,3501.TW,61.40
3504,揚明光,3504.TW,67.90
3508,位速,3508.TWO,28.20
3511,矽瑪,3511.TWO,34.50
3512,皇龍,3512.TWO,28.35
3515,華擎,3515.TW,230.50
3516,亞帝歐,3516.TWO,24.05
3518,柏騰,3518.TW,25.25
3520,華盈,3520.TWO,19.75
3521,鴻翊,3521.TWO,18.80
3522,御嵿,3522.TWO,24.50
3523,迎輝,3523.TWO,20.50
3526,凡甲,3526.TWO,263.00
3527,聚積,3527.TWO,68.20
3528,安馳,3528.TW,50.90
3529,力旺,3529.TWO,3320.00
3530,晶相光,3530.TW,91.40
3531,先益,3531.TWO,26.60
3532,台勝科,3532.TW,97.60
3533,嘉澤,3533.TW,1920.00
3535,晶彩科,3535.TW,50.60
3537,堡達,3537.TWO,54.20
3540,曜越,3540.TWO,37.05
3541,西柏,3541.TWO,29.65
3543,州巧,3543.TW,23.10
3545,敦泰,3545.TW,89.20
3546,宇峻,3546.TWO,75.60
3548,兆利,3548.TWO,176.50
3550,聯穎,3550.TW,17.60
3551,世禾,3551.TWO,128.00
3552,同致,3552.TWO,88.80
3555,博士旺,3555.TWO,33.05
3556,禾瑞亞,3556.TWO,42.30
3557,嘉威,3557.TW,72.10
3558,神準,3558.TWO,196.00
3563,牧德,3563.TW,402.00
3564,其陽,3564.TWO,73.90
3567,逸昌,3567.TWO,30.40
3570,大塚,3570.TWO,180.50
3576,聯合再生,3576.TW,10.10
3577,泓格,3577.TWO,63.70
3580,友威科,3580.TWO,83.80
3581,博磊,3581.TWO,49.60
3583,辛耘,3583.TW,396.50
3587,閎康,3587.TWO,248.00
3588,通嘉,3588.TW,67.00
3591,艾笛森,3591.TW,25.85
3592,瑞鼎,3592.TW,394.00
3593,力銘,3593.TW,7.30
3594,磐儀,3594.TWO,53.70
3596,智易,3596.TW,176.00
3597,映興,3597.TWO,39.00
3605,宏致,3605.TW,48.60
3607,谷崧,3607.TW,18.70
3609,三一東林,3609.TWO,41.30
3611,鼎翰,3611.TWO,199.50
3615,安可,3615.TWO,27.90
3617,碩天,3617.TW,388.00
3622,洋華,3622.TW,60.50
3623,富晶通,3623.TWO,22.95
3624,光頡,3624.TWO,42.85
3625,西勝,3625.TWO,18.00
3628,盈正,3628.TWO,46.40
3629,地心引力,3629.TWO,19.60
3630,新鉅科,3630.TWO,29.20
3631,晟楠,3631.TWO,35.30
3632,研勤,3632.TWO,13.00
3645,達邁,3645.TW,49.55
3646,艾恩特,3646.TWO,29.30
3652,精聯,3652.TW,38.65
3653,健策,3653.TW,1525.00
3661,世芯-KY,3661.TW,3255.00
3663,鑫科,3663.TWO,71.50
3664,安瑞-KY,3664.TWO,25.50
3665,貿聯-KY,3665.TW,610.00
3666,光耀,3666.TWO,29.80
3669,圓展,3669.TW,43.65
3672,康聯訊,3672.TWO,19.90
3673,TPK-KY,3673.TW,38.50
3675,德微,3675.TWO,231.50
3679,新至陞,3679.TW,131.50
3680,家登,3680.TWO,487.00
3684,榮昌,3684.TWO,45.10
3685,元創精密,3685.TWO,16.05
3686,達能,3686.TW,20.00
3687,歐買尬,3687.TWO,91.10
3689,湧德,3689.TWO,101.50
3691,碩禾,3691.TWO,77.20
3693,營邦,3693.TWO,327.00
3694,海華,3694.TW,56.30
3701,大眾控,3701.TW,40.15
3702,大聯大,3702.TW,68.10
3703,欣陸,3703.TW,29.85
3704,合勤控,3704.TW,39.50
3705,永信,3705.TW,53.70
3706,神達,3706.TW,71.00
3707,漢磊,3707.TWO,49.35
3708,上緯投控,3708.TW,88.90
3709,鑫聯大投控,3709.TWO,30.30
3710,連展投控,3710.TWO,10.65
3711,日月光投控,3711.TW,161.50
3712,永崴投控,3712.TW,61.90
3713,新晶投控,3713.TWO,21.40
3714,富采,3714.TW,41.80
3715,定穎投控,3715.TW,61.30
3716,中化控股,3716.TW,37.30
4102,永日,4102.TWO,30.50
4104,佳醫,4104.TW,86.00
4105,東洋,4105.TWO,73.40
4106,雃博,4106.TW,24.90
4107,邦特,4107.TWO,123.50
4108,懷特,4108.TW,16.95
4109,加捷生醫,4109.TWO,21.50
4111,濟生,4111.TWO,27.80
4113,聯上,4113.TWO,29.15
4114,健喬,4114.TWO,34.50
4116,明基醫,4116.TWO,47.10
4119,旭富,4119.TW,90.10
4120,友華,4120.TWO,48.20
4121,優盛,4121.TWO,17.60
4123,晟德,4123.TWO,43.80
4126,太醫,4126.TWO,97.60
4127,天良,4127.TWO,41.50
4128,中天,4128.TWO,33.05
4129,聯合,4129.TWO,93.00
4130,健亞,4130.TWO,20.80
4131,浩泰,4131.TWO,31.90
4133,亞諾法,4133.TW,29.95
4137,麗豐-KY,4137.TW,107.50
4138,曜亞,4138.TWO,91.60
4139,馬光-KY,4139.TWO,32.00
4142,國光生,4142.TW,20.10
4147,中裕,4147.TWO,86.50
4153,鈺緯,4153.TWO,37.95
4154,樂威科-KY,4154.TWO,14.85
4155,訊映,4155.TW,20.45
4157,太景*-KY,4157.TWO,11.45
4160,訊聯基因,4160.TWO,68.60
4161,聿新科,4161.TWO,30.30
4162,智擎,4162.TWO,90.80
4163,鐿鈦,4163.TWO,114.00
4164,承業醫,4164.TW,41.65
4167,松瑞藥,4167.TWO,20.50
4168,醣聯,4168.TWO,25.30
4171,瑞基,4171.TWO,28.70
4173,久裕,4173.TWO,22.10
4174,浩鼎,4174.TWO,59.00
4175,杏一,4175.TWO,66.90
4183,福永生技,4183.TWO,22.75
4188,安克,4188.TWO,22.05
4190,佐登-KY,4190.TW,45.80
4192,杏國,4192.TWO,34.85
4198,欣大健康,4198.TWO,31.00
4205,中華食,4205.TWO,87.40
4207,環泰,4207.TWO,16.10
4303,信立,4303.TWO,52.20
4304,勝昱,4304.TWO,9.12
4305,世坤,4305.TWO,41.95
4306,炎洲,4306.TW,17.15
4401,東隆興,4401.TWO,20.75
4402,郡都開發,4402.TWO,23.80
4406,新昕纖,4406.TWO,10.40
4413,飛寶企業,4413.TWO,17.60
4414,如興,4414.TW,3.10
4416,三圓,4416.TWO,75.00
4417,金洲,4417.TWO,40.85
4419,皇家美食,4419.TWO,53.00
4420,光明,4420.TWO,53.90
4426,利勤,4426.TW,10.75
4430,耀億,4430.TWO,22.80
4432,銘旺實,4432.TWO,22.65
4433,興采,4433.TWO,27.15
4438,廣越,4438.TW,99.50
4439,冠星-KY,4439.TW,109.00
4440,宜新實業,4440.TW,23.65
4442,竣邦-KY,4442.TWO,39.30
4502,健信,4502.TWO,19.35
4503,金雨,4503.TWO,48.75
4506,崇友,4506.TWO,103.00
4510,高鋒,4510.TWO,48.85
4513,福裕,4513.TWO,33.85
4523,永彰,4523.TWO,37.85
4526,東台,4526.TW,32.50
4527,方土霖,4527.TWO,44.90
4528,江興鍛,4528.TWO,23.65
4529,淳紳,4529.TWO,6.45
4530,宏易,4530.TWO,12.85
4532,瑞智,4532.TW,24.95
4533,協易機,4533.TWO,37.00
4534,慶騰,4534.TWO,23.50
4535,至興,4535.TWO,33.60
4536,拓凱,4536.TW,209.00
4538,大詠城,4538.TWO,19.35
4540,全球傳動,4540.TW,61.40
4541,晟田,4541.TWO,34.30
4542,科嶠,4542.TWO,91.50
4543,萬在,4543.TWO,41.20
4545,銘鈺,4545.TW,46.00
4549,桓達,4549.TWO,223.50
4550,長佳,4550.TWO,27.50
4551,智伸科,4551.TW,109.00
4552,力達-KY,4552.TW,22.90
4554,橙的,4554.TWO,28.95
4555,氣立,4555.TW,44.15
4556,旭然,4556.TWO,32.00
4557,永新-KY,4557.TW,123.50
4558,寶緯,4558.TWO,31.60
4560,強信-KY,4560.TW,35.80
4561,健椿,4561.TWO,75.00
4562,穎漢,4562.TW,67.10
4563,百德,4563.TWO,101.50
4564,元翎,4564.TW,21.75
4566,時碩工業,4566.TW,82.40
4568,科際精密,4568.TWO,50.70
4569,六方科-KY,4569.TW,210.00
4571,鈞興-KY,4571.TW,274.50
4572,駐龍,4572.TW,153.50
4576,大銀微系統,4576.TW,153.50
4577,達航科技,4577.TWO,28.50
4580,捷流閥業,4580.TWO,93.30
4581,光隆精密-KY,4581.TW,51.50
4583,台灣精銳,4583.TW,939.00
4584,君帆,4584.TWO,63.50
4588,玖鼎電力,4588.TW,82.00
4609,唐鋒,4609.TWO,8.08
4702,中美實,4702.TWO,13.35
4706,大恭,4706.TWO,31.00
4707,磐亞,4707.TWO,13.85
4711,永純,4711.TWO,15.05
4714,永捷,4714.TWO,16.95
4716,大立,4716.TWO,23.00
4720,德淵,4720.TW,18.65
4721,美琪瑪,4721.TWO,66.10
4722,國精化,4722.TW,46.70
4726,永昕,4726.TWO,43.50
4728,雙美,4728.TWO,279.50
4729,熒茂,4729.TWO,25.00
4735,豪展,4735.TWO,38.70
4736,泰博,4736.TW,145.50
4737,華廣,4737.TW,64.00
4739,康普,4739.TW,53.60
4741,泓瀚,4741.TWO,35.40
4743,合一,4743.TWO,87.00
4744,皇將,4744.TWO,23.00
4745,合富-KY,4745.TWO,20.70
4746,台耀,4746.TW,68.80
4747,強生,4747.TWO,72.00
4754,國碳科,4754.TWO,41.55
4755,三福化,4755.TW,129.00
4760,勤凱,4760.TWO,104.00
4763,材料-KY,4763.TW,903.00
4764,雙鍵,4764.TW,44.65
4766,南寶,4766.TW,315.00
4767,誠泰科技,4767.TWO,33.75
4768,晶呈科技,4768.TWO,172.50
4770,上品,4770.TW,304.00
4771,望隼,4771.TW,168.50
4772,台特化,4772.TWO,174.00
4804,大略-KY,4804.TWO,4.37
4806,桂田文創,4806.TWO,11.20
4807,日成-KY,4807.TW,20.30
4903,聯光通,4903.TWO,31.35
4904,遠傳,4904.TW,89.80
4905,台聯電,4905.TWO,76.60
4906,正文,4906.TW,33.50
4907,富宇,4907.TWO,69.40
4908,前鼎,4908.TWO,98.90
4909,新復興,4909.TWO,113.00
4911,德英,4911.TWO,56.60
4912,聯德控股-KY,4912.TW,160.00
4915,致伸,4915.TW,75.80
4916,事欣科,4916.TW,32.20
4919,新唐,4919.TW,89.60
4923,力士,4923.TWO,33.45
4924,欣厚-KY,4924.TWO,17.70
4927,泰鼎-KY,4927.TW,33.20
4930,燦星網,4930.TW,30.95
4931,新盛力,4931.TWO,72.00
4933,友輝,4933.TWO,68.10
4934,太極,4934.TW,13.50
4935,茂林-KY,4935.TW,61.20
4938,和碩,4938.TW,91.80
4939,亞電,4939.TWO,20.40
4942,嘉彰,4942.TW,41.05
4943,康控-KY,4943.TW,14.50
4945,陞達科技,4945.TWO,71.60
4946,辣椒,4946.TWO,36.75
4949,有成精密,4949.TW,23.00
4950,牧東,4950.TWO,13.55
4951,精拓科,4951.TWO,65.50
4952,凌通,4952.TW,56.50
4953,緯軟,4953.TWO,114.50
4956,光鋐,4956.TW,35.25
4958,臻鼎-KY,4958.TW,120.00
4960,誠美材,4960.TW,13.25
4961,天鈺,4961.TW,231.50
4966,譜瑞-KY,4966.TWO,768.00
4967,十銓,4967.TW,78.10
4968,立積,4968.TW,213.50
4971,IET-KY,4971.TWO,90.70
4972,湯石照明,4972.TWO,23.45
4973,廣穎,4973.TWO,31.05
4974,亞泰,4974.TWO,139.00
4976,佳凌,4976.TW,38.70
4977,眾達-KY,4977.TW,149.00
4979,華星光,4979.TWO,190.00
4987,科誠,4987.TWO,79.10
4989,榮科,4989.TW,18.35
4991,環宇-KY,4991.TWO,133.50
4994,傳奇,4994.TW,102.50
4995,晶達,4995.TWO,66.70
4999,鑫禾,4999.TW,33.10
5007,三星,5007.TW,54.80
5009,榮剛,5009.TWO,46.50
5011,久陽,5011.TWO,20.65
5013,強新,5013.TWO,31.20
5014,建錩,5014.TWO,13.70
5015,華祺,5015.TWO,35.45
5016,松和,5016.TWO,27.50
5201,凱衛,5201.TWO,28.85
5202,力新,5202.TWO,23.55
5203,訊連,5203.TW,96.50
5205,中茂,5205.TWO,27.05
5206,坤悅,5206.TWO,42.60
5209,新鼎,5209.TWO,173.50
5210,寶碩,5210.TWO,28.10
5211,蒙恬,5211.TWO,27.55
5212,凌網,5212.TWO,59.00
5213,亞昕,5213.TWO,31.60
5215,科嘉-KY,5215.TW,45.85
5220,萬達光電,5220.TWO,20.40
5222,全訊,5222.TW,123.50
5223,安力-KY,5223.TWO,31.20
5225,東科-KY,5225.TW,124.50
5227,立凱-KY,5227.TWO,43.60
5228,鈺鎧,5228.TWO,18.20
5230,雷笛克光學,5230.TWO,28.95
5234,達興材料,5234.TW,189.50
5236,凌陽創新,5236.TWO,150.00
5243,乙盛-KY,5243.TW,69.90
5244,弘凱,5244.TW,49.50
5245,智晶,5245.TWO,32.95
5251,天鉞電,5251.TWO,24.50
5258,虹堡,5258.TW,84.60
5263,智崴,5263.TWO,146.00
5269,祥碩,5269.TW,1960.00
5272,笙科,5272.TWO,28.85
5274,信驊,5274.TWO,3340.00
5276,達輝-KY,5276.TWO,20.05
5278,尚凡*,5278.TWO,36.10
5283,禾聯碩,5283.TW,102.50
5284,jpp-KY,5284.TW,159.00
5285,界霖,5285.TW,50.00
5287,數字,5287.TWO,185.00
5288,豐祥-KY,5288.TW,200.00
5289,宜鼎,5289.TWO,218.00
5291,邑昇,5291.TWO,23.60
5292,華懋,5292.TW,155.50
5299,杰力,5299.TWO,90.10
5301,寶得利,5301.TWO,10.50
5302,太欣,5302.TWO,9.44
5306,桂盟,5306.TW,119.50
5309,系統電,5309.TWO,42.40
5310,天剛,5310.TWO,49.05
5312,寶島科,5312.TWO,110.00
5314,世紀,5314.TWO,816.00
5315,光聯,5315.TWO,19.95
5321,美而快,5321.TWO,62.80
5324,士開,5324.TWO,12.60
5328,華容,5328.TWO,16.90
5340,建榮,5340.TWO,39.45
5344,立衛,5344.TWO,17.85
5345,天揚,5345.TWO,27.65
5347,世界,5347.TWO,100.00
5348,正能量智能,5348.TWO,22.75
5351,鈺創,5351.TWO,36.30
5353,台林,5353.TWO,33.15
5355,佳總,5355.TWO,9.95
5356,協益,5356.TWO,31.15
5364,力麗店,5364.TWO,31.80
5371,中光電,5371.TWO,94.30
5381,合正,5381.TWO,23.20
5386,青雲,5386.TWO,79.80
5388,中磊,5388.TW,122.50
5392,能率,5392.TWO,38.00
5398,慕康生醫,5398.TWO,19.35
5403,中菲,5403.TWO,118.50
5410,國眾,5410.TWO,31.30
5425,台半,5425.TWO,53.20
5426,振發,5426.TWO,30.90
5432,新門,5432.TWO,138.00
5434,崇越,5434.TW,280.00
5438,東友,5438.TWO,27.55
5439,高技,5439.TWO,113.00
5443,均豪,5443.TWO,111.50
5450,南良,5450.TWO,18.20
5452,佶優,5452.TWO,31.85
5455,昇益,5455.TWO,59.10
5457,宣德,5457.TWO,57.80
5460,同協,5460.TWO,15.05
5464,霖宏,5464.TWO,23.50
5465,富驊,5465.TWO,37.95
5468,凱鈺,5468.TWO,21.80
5469,瀚宇博,5469.TW,52.90
5471,松翰,5471.TW,41.50
5474,聰泰,5474.TWO,208.00
5475,德宏,5475.TWO,12.20
5478,智冠,5478.TWO,125.00
5481,新華,5481.TWO,32.00
5483,中美晶,5483.TWO,134.50
5484,慧友,5484.TW,64.30
5487,通泰,5487.TWO,38.45
5488,松普,5488.TWO,13.00
5489,彩富,5489.TWO,39.15
5490,同亨,5490.TWO,25.00
5493,三聯,5493.TWO,74.90
5498,凱崴,5498.TWO,11.35
5508,永信建,5508.TWO,146.50
5511,德昌,5511.TWO,62.60
5512,力麒,5512.TWO,9.70
5514,三豐,5514.TWO,20.00
5515,建國,5515.TW,25.75
5516,雙喜,5516.TWO,19.10
5519,隆大,5519.TW,33.75
5520,力泰,5520.TWO,82.00
5521,工信,5521.TW,10.50
5522,遠雄,5522.TW,73.90
5523,豐謙,5523.TWO,28.75
5525,順天,5525.TW,31.70
5529,鉅陞,5529.TWO,29.20
5530,龍巖,5530.TWO,55.20
5531,鄉林,5531.TW,10.25
5533,皇鼎,5533.TW,20.10
5534,長虹,5534.TW,85.80
5536,聖暉*,5536.TWO,368.00
5538,東明-KY,5538.TW,32.45
5543,桓鼎-KY,5543.TWO,19.00
5546,永固-KY,5546.TW,29.70
5548,安倉,5548.TWO,26.85
5601,台聯櫃,5601.TWO,36.55
5603,陸海,5603.TWO,25.55
5604,中連,5604.TWO,41.95
5607,遠雄港,5607.TW,42.60
5608,四維航,5608.TW,16.65
5609,中菲行,5609.TWO,82.00
5701,劍湖山,5701.TWO,4.46
5703,亞都,5703.TWO,18.15
5704,老爺知,5704.TWO,35.80
5706,鳳凰,5706.TW,66.00
5864,致和證,5864.TWO,14.60
5871,中租-KY,5871.TW,113.50
5876,上海商銀,5876.TW,39.45
5878,台名,5878.TWO,46.50
5880,合庫金,5880.TW,24.30
5902,德記,5902.TWO,40.95
5903,全家,5903.TWO,187.50
5904,寶雅,5904.TWO,496.00
5905,南仁湖,5905.TWO,14.40
5906,台南-KY,5906.TW,54.20
5907,大洋-KY,5907.TW,11.05
6005,群益證,6005.TW,24.85
6015,宏遠證,6015.TWO,10.70
6016,康和證,6016.TWO,13.25
6020,大展證,6020.TWO,18.80
6021,美好證,6021.TWO,23.65
6023,元大期,6023.TWO,86.50
6024,群益期,6024.TW,57.50
6026,福邦證,6026.TWO,12.35
6101,寬魚國際,6101.TWO,40.00
6103,合邦,6103.TWO,52.10
6104,創惟,6104.TWO,166.50
6108,競國,6108.TW,16.80
6109,亞元,6109.TWO,12.00
6111,大宇資,6111.TWO,56.90
6112,邁達特,6112.TW,50.80
6113,亞矽,6113.TWO,19.45
6114,久威,6114.TWO,34.20
6115,鎰勝,6115.TW,51.10
6116,彩晶,6116.TW,8.37
6117,迎廣,6117.TW,92.60
6118,建達,6118.TWO,23.90
6120,達運,6120.TW,12.70
6121,新普,6121.TWO,397.00
6122,擎邦,6122.TWO,50.10
6123,上奇,6123.TWO,56.20
6124,業強,6124.TWO,30.65
6125,廣運,6125.TWO,90.50
6126,信音,6126.TWO,29.15
6127,九豪,6127.TWO,28.10
6128,上福,6128.TW,34.05
6129,普誠,6129.TWO,17.05
6130,上亞科技,6130.TWO,24.00
6133,金橋,6133.TW,18.55
6134,萬旭,6134.TWO,28.90
6136,富爾特,6136.TW,22.80
6138,茂達,6138.TWO,172.00
6139,亞翔,6139.TW,226.00
6140,訊達,6140.TWO,24.20
6141,柏承,6141.TW,16.00
6142,友勁,6142.TW,11.90
6143,振曜,6143.TWO,117.00
6144,得利影,6144.TWO,30.55
6146,耕興,6146.TWO,207.50
6147,頎邦,6147.TWO,64.30
6148,驊宏資,6148.TWO,25.00
6150,撼訊,6150.TWO,70.60
6151,晉倫,6151.TWO,38.60
6152,百一,6152.TW,12.80
6153,嘉聯益,6153.TW,15.25
6154,順發,6154.TWO,15.85
6155,鈞寶,6155.TW,26.05
6156,松上,6156.TWO,25.65
6158,禾昌,6158.TWO,29.10
6160,欣技,6160.TWO,24.85
6161,捷波,6161.TWO,49.05
6163,華電網,6163.TWO,22.45
6164,華興,6164.TW,13.80
6165,浪凡,6165.TW,43.45
6166,凌華,6166.TW,77.10
6167,久正,6167.TWO,14.40
6168,宏齊,6168.TW,22.80
6169,昱泉,6169.TWO,20.70
6170,統振,6170.TWO,48.20
6171,大城地產,6171.TWO,41.10
6173,信昌電,6173.TWO,42.60
6174,安碁,6174.TWO,23.85
6175,立敦,6175.TWO,39.15
6176,瑞儀,6176.TW,195.50
6177,達麗,6177.TW,44.15
6179,亞通,6179.TWO,27.45
6180,橘子,6180.TWO,77.30
6182,合晶,6182.TWO,27.15
6183,關貿,6183.TW,85.10
6184,大豐電,6184.TW,51.60
6185,幃翔,6185.TWO,15.00
6186,新潤,6186.TWO,63.90
6187,萬潤,6187.TWO,405.50
6188,廣明,6188.TWO,112.50
6189,豐藝,6189.TW,79.60
6190,萬泰科,6190.TWO,35.60
6191,精成科,6191.TW,57.50
6192,巨路,6192.TW,115.00
6194,育富,6194.TWO,36.80
6195,詩肯,6195.TWO,34.40
6196,帆宣,6196.TW,147.00
6197,佳必琪,6197.TW,147.50
6198,瑞築,6198.TWO,42.50
6199,天品,6199.TWO,128.50
6201,亞弘電,6201.TW,56.60
6202,盛群,6202.TW,47.20
6203,海韻電,6203.TWO,69.60
6204,艾華,6204.TWO,57.60
6205,詮欣,6205.TW,75.80
6206,飛捷,6206.TW,87.90
6207,雷科,6207.TWO,55.00
6208,日揚,6208.TWO,50.00
6209,今國光,6209.TW,29.60
6210,慶生,6210.TWO,21.40
6212,理銘,6212.TWO,57.70
6213,聯茂,6213.TW,78.70
6214,精誠,6214.TW,145.00
6215,和椿,6215.TW,92.00
6216,居易,6216.TW,40.80
6217,中探針,6217.TWO,37.33
6218,豪勉,6218.TWO,27.85
6219,富旺,6219.TWO,43.10
6220,岳豐,6220.TWO,27.05
6221,晉泰,6221.TWO,64.80
6222,上揚,6222.TWO,28.45
6223,旺矽,6223.TWO,923.00
6224,聚鼎,6224.TW,58.00
6225,天瀚,6225.TW,14.10
6226,光鼎,6226.TW,8.86
6227,茂綸,6227.TWO,83.30
6228,全譜,6228.TWO,27.45
6229,研通,6229.TWO,30.60
6230,尼得科超眾,6230.TW,194.00
6231,系微,6231.TWO,386.50
6233,旺玖,6233.TWO,27.90
6234,高僑,6234.TWO,27.95
6235,華孚,6235.TW,69.10
6236,中湛,6236.TWO,29.90
6237,驊訊,6237.TWO,53.80
6239,力成,6239.TW,121.00
6240,松崗,6240.TWO,20.70
6241,易通展,6241.TWO,15.85
6242,立康,6242.TWO,42.50
6243,迅杰,6243.TW,47.50
6244,茂迪,6244.TWO,21.00
6245,立端,6245.TWO,97.50
6246,臺龍,6246.TWO,14.75
6248,沛波,6248.TWO,27.15
6257,矽格,6257.TW,67.60
6259,百徽,6259.TWO,19.60
6261,久元,6261.TWO,63.80
6263,普萊德,6263.TWO,150.00
6264,富裔,6264.TWO,9.12
6265,方土昶,6265.TWO,10.55
6266,泰詠,6266.TWO,32.25
6269,台郡,6269.TW,64.30
6270,倍微,6270.TWO,25.35
6271,同欣電,6271.TW,139.00
6274,台燿,6274.TWO,173.00
6275,元山,6275.TWO,46.00
6276,安鈦克,6276.TWO,32.00
6277,宏正,6277.TW,75.40
6278,台表科,6278.TW,108.50
6279,胡連,6279.TWO,176.00
6281,全國電,6281.TW,82.30
6282,康舒,6282.TW,30.30
6283,淳安,6283.TW,27.35
6284,佳邦,6284.TWO,83.50
6285,啟碁,6285.TW,137.50
6287,元隆,6287.TWO,14.85
6288,聯嘉,6288.TW,26.50
6290,良維,6290.TWO,74.50
6291,沛亨,6291.TWO,95.00
6292,迅德,6292.TWO,52.00
6294,智基,6294.TWO,61.00
6405,悅城,6405.TW,32.30
6409,旭隼,6409.TW,1850.00
6411,晶焱,6411.TWO,85.70
6412,群電,6412.TW,119.00
6414,樺漢,6414.TW,292.50
6415,矽力*-KY,6415.TW,407.00
6416,瑞祺電通,6416.TW,110.00
6417,韋僑,6417.TWO,101.50
6418,詠昇,6418.TWO,20.20
6419,京晨科,6419.TWO,104.00
6423,億而得-創,6423.TW,98.40
6425,易發,6425.TWO,76.00
6426,統新,6426.TW,85.50
6431,光麗-KY,6431.TW,14.40
6432,今展科,6432.TWO,27.55
6435,大中,6435.TWO,96.10
6438,迅得,6438.TW,210.00
6441,廣錠,6441.TWO,35.10
6442,光聖,6442.TW,654.00
6443,元晶,6443.TW,18.20
6446,藥華藥,6446.TW,617.00
6449,鈺邦,6449.TW,148.00
6451,訊芯-KY,6451.TW,240.00
6456,GIS-KY,6456.TW,50.30
6461,益得,6461.TWO,26.30
6462,神盾,6462.TWO,177.00
6464,台數科,6464.TW,79.50
6465,威潤,6465.TWO,20.60
6469,大樹,6469.TWO,146.50
6470,宇智,6470.TWO,54.50
6472,保瑞,6472.TW,754.00
6477,安集,6477.TW,30.95
6482,弘煜科,6482.TWO,49.95
6485,點序,6485.TWO,44.40
6486,互動,6486.TWO,83.40
6488,環球晶,6488.TWO,383.00
6491,晶碩,6491.TW,375.50
6492,生華科,6492.TWO,43.45
6494,九齊,6494.TWO,49.70
6496,科懋,6496.TWO,29.95
6499,益安,6499.TWO,39.65
6504,南六,6504.TW,63.60
6505,台塑化,6505.TW,34.35
6506,雙邦,6506.TWO,16.60
6508,惠光,6508.TWO,29.60
6509,聚和,6509.TWO,38.05
6510,精測,6510.TWO,885.00
6512,啟發電,6512.TWO,23.25
6515,穎崴,6515.TW,1125.00
6516,勤崴國際,6516.TWO,70.50
6517,保勝光學,6517.TWO,77.50
6523,達爾膚,6523.TWO,151.50
6525,捷敏-KY,6525.TW,65.50
6526,達發,6526.TW,699.00
6527,明達醫,6527.TWO,85.80
6530,創威,6530.TWO,69.50
6531,愛普*,6531.TW,316.50
6532,瑞耘,6532.TWO,69.90
6533,晶心科,6533.TW,413.00
6534,正瀚-創,6534.TW,80.50
6535,順藥,6535.TWO,242.00
6538,倉和,6538.TWO,104.50
6541,泰福-KY,6541.TW,65.30
6542,隆中,6542.TWO,58.40
6546,正基,6546.TWO,151.50
6547,高端疫苗,6547.TWO,36.05
6548,長科*,6548.TWO,33.45
6550,北極星藥業-KY,6550.TW,45.60
6552,易華電,6552.TW,36.55
6556,勝品,6556.TWO,83.00
6558,興能高,6558.TW,39.30
6560,欣普羅,6560.TWO,30.40
6561,是方,6561.TWO,474.50
6568,宏觀,6568.TWO,120.00
6569,醫揚,6569.TWO,153.00
6570,維田,6570.TWO,51.80
6573,虹揚-KY,6573.TW,15.35
6574,霈方,6574.TWO,53.10
6576,逸達,6576.TWO,77.50
6577,勁豐,6577.TWO,92.80
6578,達邦蛋白,6578.TWO,19.80
6579,研揚,6579.TW,126.50
6581,鋼聯,6581.TW,115.00
6582,申豐,6582.TW,60.60
6584,南俊國際,6584.TWO,173.50
6585,鼎基,6585.TW,147.00
6588,東典光電,6588.TWO,39.20
6589,台康生技,6589.TWO,72.00
6590,普鴻,6590.TWO,74.80
6591,動力-KY,6591.TW,52.90
6592,和潤企業,6592.TW,76.70
6593,台灣銘板,6593.TWO,71.90
6596,寬宏藝術,6596.TWO,93.00
6598,ABC-KY,6598.TW,20.15
6603,富強鑫,6603.TWO,16.85
6605,帝寶,6605.TW,215.50
6606,建德工業,6606.TW,27.20
6609,瀧澤科,6609.TWO,81.90
6612,奈米醫材,6612.TWO,123.00
6613,朋億*,6613.TWO,180.00
6615,慧智,6615.TWO,40.35
6616,特昇-KY,6616.TWO,10.55
6617,共信-KY,6617.TWO,112.00
6624,萬年清,6624.TWO,37.15
6625,必應,6625.TW,87.10
6629,泰金-KY,6629.TWO,116.00
6637,醫影,6637.TWO,92.90
6640,均華,6640.TWO,640.00
6641,基士德-KY,6641.TW,31.25
6642,富致,6642.TWO,68.50
6643,M31,6643.TWO,758.00
6645,金萬林-創,6645.TW,23.65
6649,台生材,6649.TWO,33.95
6651,全宇昕,6651.TWO,92.40
6654,天正國際,6654.TWO,43.20
6655,科定,6655.TW,129.50
6657,華安,6657.TW,50.20
6658,聯策,6658.TW,75.00
6661,威健生技,6661.TWO,23.10
6662,樂斯科,6662.TWO,33.10
6664,群翊,6664.TWO,242.00
6666,羅麗芬-KY,6666.TW,50.00
6667,信紘科,6667.TWO,180.00
6668,中揚光,6668.TW,52.10
6669,緯穎,6669.TW,2600.00
6670,復盛應用,6670.TW,315.00
6671,三能-KY,6671.TW,41.80
6672,騰輝電子-KY,6672.TW,63.90
6674,鋐寶科技,6674.TW,24.20
6679,鈺太,6679.TWO,324.00
6680,鑫創電子,6680.TWO,88.90
6683,雍智科技,6683.TWO,427.50
6684,安格,6684.TWO,68.70
6689,伊雲谷,6689.TW,122.00
6690,安碁資訊,6690.TWO,207.00
6691,洋基工程,6691.TW,429.00
6692,進能服,6692.TWO,37.50
6693,廣閎科,6693.TWO,85.00
6695,芯鼎,6695.TW,67.00
6697,東捷資訊,6697.TWO,45.40
6698,旭暉應材,6698.TW,37.50
6703,軒郁,6703.TWO,156.50
6706,惠特,6706.TW,125.50
6708,天擎,6708.TWO,47.35
6712,長聖,6712.TWO,174.50
6715,嘉基,6715.TW,157.50
6716,應廣,6716.TWO,81.30
6719,力智,6719.TW,224.50
6720,久昌,6720.TWO,155.50
6721,信實,6721.TWO,58.70
6727,亞泰金屬,6727.TWO,84.00
6728,上洋,6728.TWO,123.00
6732,昇佳電子,6732.TWO,252.50
6733,博晟生醫,6733.TWO,33.75
6735,美達科技,6735.TWO,58.00
6739,竹陞科技,6739.TWO,204.00
6741,91APP*-KY,6741.TWO,84.40
6742,澤米,6742.TW,67.00
6743,安普新,6743.TW,42.00
6747,亨泰光,6747.TWO,132.50
6751,智聯服務,6751.TWO,56.00
6752,叡揚,6752.TWO,126.50
6753,龍德造船,6753.TW,102.00
6754,匯僑設計,6754.TW,64.10
6756,威鋒電子,6756.TW,129.00
6757,台灣虎航,6757.TW,78.10
6761,穩得,6761.TWO,91.00
6762,達亞,6762.TWO,270.00
6763,綠界科技*,6763.TWO,61.80
6767,台微醫,6767.TWO,35.70
6768,志強-KY,6768.TW,119.00
6770,力積電,6770.TW,15.85
6771,平和環保-創,6771.TW,59.60
6776,展碁國際,6776.TW,60.30
6781,AES-KY,6781.TW,1135.00
6782,視陽,6782.TW,178.50
6785,昱展新藥,6785.TWO,142.00
6788,華景電,6788.TWO,221.00
6789,采鈺,6789.TW,308.50
6790,永豐實,6790.TW,41.10
6791,虎門科技,6791.TWO,140.50
6792,詠業,6792.TW,64.00
6794,向榮生技-創,6794.TW,69.90
6796,晉弘,6796.TW,91.90
6799,來頡,6799.TW,96.50
6803,崑鼎,6803.TWO,286.50
6804,明係,6804.TWO,30.90
6805,富世達,6805.TW,814.00
6806,森崴能源,6806.TW,114.00
6807,峰源-KY,6807.TW,86.10
6811,宏碁資訊,6811.TWO,283.50
6821,聯寶,6821.TWO,43.80
6823,濾能,6823.TWO,62.80
6829,千附精密,6829.TWO,127.00
6830,汎銓,6830.TW,158.50
6834,天二科技,6834.TW,30.85
6835,圓裕,6835.TW,39.60
6838,台新藥,6838.TW,37.50
6840,東研信超,6840.TWO,50.50
6841,長佳智能,6841.TWO,71.80
6843,進典,6843.TWO,50.00
6844,諾貝兒,6844.TWO,142.00
6846,綠茵,6846.TWO,80.50
6854,錼創科技-KY創,6854.TW,200.50
6855,數泓科,6855.TWO,156.00
6856,鑫傳,6856.TWO,62.70
6859,伯特光,6859.TWO,188.50
6861,睿生光電,6861.TW,60.70
6862,三集瑞-KY,6862.TW,165.00
6863,永道-KY,6863.TW,234.00
6865,偉康科技,6865.TWO,62.70
6869,雲豹能源,6869.TW,177.00
6870,騰雲,6870.TWO,221.00
6873,泓德能源,6873.TW,209.50
6874,倍力,6874.TWO,96.00
6875,國邑*,6875.TWO,53.70
6877,鏵友益,6877.TWO,93.70
6881,潤德,6881.TWO,235.50
6885,全福生技,6885.TW,31.05
6890,來億-KY,6890.TW,385.00
6894,衛司特,6894.TWO,184.50
6895,宏碩系統,6895.TWO,191.50
6899,創為精密,6899.TWO,50.80
6901,鑽石投資,6901.TW,32.25
6902,GOGOLOOK-創,6902.TW,118.50
6903,巨漢,6903.TWO,131.50
6904,伯鑫,6904.TWO,139.50
6906,現觀科,6906.TW,146.00
6913,鴻呈,6913.TWO,124.00
6914,阜爾運通,6914.TW,120.00
6916,華凌,6916.TW,24.35
6919,康霈*,6919.TW,621.00
6922,宸曜,6922.TWO,204.00
6923,中台,6923.TW,80.90
6924,榮惠-KY創,6924.TW,89.60
6928,攸泰科技,6928.TW,73.60
6929,佑全,6929.TWO,38.90
6933,AMAX-KY,6933.TW,210.00
6937,天虹,6937.TW,372.00
6949,沛爾生醫-創,6949.TW,81.60
6951,青新-創,6951.TW,74.20
6952,大武山,6952.TW,49.20
6953,家碩,6953.TWO,216.50
6955,邦睿生技-創,6955.TW,151.00
6957,裕慶-KY,6957.TW,233.50
6958,日盛台駿,6958.TW,24.30
6962,ITH-KY,6962.TW,54.80
6967,汎瑋材料,6967.TWO,52.10
6968,萬達寵物,6968.TWO,60.30
6969,成信實業*-創,6969.TW,43.10
6982,大井泵浦,6982.TWO,79.00
6988,威力暘-創,6988.TW,25.50
6996,力領科技,6996.TWO,233.50
6997,博弘,6997.TWO,130.00
7402,邑錡,7402.TWO,85.20
7556,意德士,7556.TWO,164.00
7584,樂意,7584.TWO,78.90
7703,銳澤,7703.TWO,142.50
7704,明遠精密,7704.TWO,78.80
7705,三商餐飲,7705.TW,70.90
7708,全家餐飲,7708.TWO,91.10
7712,博盛半導體,7712.TWO,220.00
7722,LINEPAY,7722.TW,461.00
8011,台通,8011.TW,24.40
8016,矽創,8016.TW,213.00
8021,尖點,8021.TW,33.60
8024,佑華,8024.TWO,18.25
8027,鈦昇,8027.TWO,86.70
8028,昇陽半導體,8028.TW,138.50
8032,光菱,8032.TWO,62.50
8033,雷虎,8033.TW,70.90
8034,榮群,8034.TWO,20.45
8038,長園科,8038.TWO,27.30
8039,台虹,8039.TW,44.80
8040,九暘,8040.TWO,75.00
8042,金山電,8042.TWO,40.65
8043,蜜望實,8043.TWO,32.50
8044,網家,8044.TWO,43.45
8045,達運光電,8045.TW,76.00
8046,南電,8046.TW,129.00
8047,星雲,8047.TWO,22.90
8048,德勝,8048.TWO,50.40
8049,晶采,8049.TWO,32.35
8050,廣積,8050.TWO,73.60
8054,安國,8054.TWO,138.00
8059,凱碩,8059.TWO,36.05
8064,東捷,8064.TWO,53.70
8066,來思達,8066.TWO,26.85
8067,志旭,8067.TWO,18.80
8068,全達,8068.TWO,28.20
8069,元太,8069.TWO,273.00
8070,長華*,8070.TW,45.85
8071,能率網通,8071.TWO,23.70
8072,陞泰,8072.TW,24.45
8074,鉅橡,8074.TWO,22.05
8076,伍豐,8076.TWO,30.95
8077,洛碁,8077.TWO,45.95
8080,印鉐,8080.TWO,34.35
8081,致新,8081.TW,240.50
8083,瑞穎,8083.TWO,165.00
8084,巨虹,8084.TWO,67.10
8085,福華,8085.TWO,32.60
8086,宏捷科,8086.TWO,111.00
8087,麗升能源,8087.TWO,46.85
8088,品安,8088.TWO,20.00
8089,康全電訊,8089.TWO,78.90
8091,翔名,8091.TWO,124.50
8092,建暐,8092.TWO,20.75
8093,保銳,8093.TWO,20.60
8096,擎亞,8096.TWO,38.15
8097,常珵,8097.TWO,84.80
8099,大世科,8099.TWO,84.10
8101,華冠,8101.TW,19.40
8103,瀚荃,8103.TW,48.75
8104,錸寶,8104.TW,44.10
8105,凌巨,8105.TW,14.90
8107,大億金茂,8107.TWO,19.05
8109,博大,8109.TWO,91.70
8110,華東,8110.TW,13.95
8111,立碁,8111.TWO,53.90
8112,至上,8112.TW,59.10
8114,振樺電,8114.TW,366.00
8121,越峰,8121.TWO,27.80
8131,福懋科,8131.TW,28.15
8147,正淩,8147.TWO,114.00
8150,南茂,8150.TW,31.35
8155,博智,8155.TWO,120.00
8162,微矽電子-創,8162.TW,40.45
8163,達方,8163.TW,43.30
8171,天宇,8171.TWO,35.50
8176,智捷,8176.TWO,14.30
8182,加高,8182.TWO,32.55
8183,精星,8183.TWO,39.75
8201,無敵,8201.TW,16.00
8210,勤誠,8210.TW,266.50
8213,志超,8213.TW,34.10
8215,明基材,8215.TW,30.00
8222,寶一,8222.TW,39.65
8227,巨有科技,8227.TWO,182.00
8234,新漢,8234.TWO,65.60
8240,華宏,8240.TWO,45.90
8249,菱光,8249.TW,63.00
8255,朋程,8255.TWO,166.50
8261,富鼎,8261.TW,91.50
8271,宇瞻,8271.TW,44.80
8272,全景軟體,8272.TWO,106.00
8277,商丞,8277.TWO,13.25
8279,生展,8279.TWO,130.00
8284,三竹,8284.TWO,65.50
8289,泰藝,8289.TWO,24.05
8291,尚茂,8291.TWO,7.18
8299,群聯,8299.TWO,528.00
8341,日友,8341.TW,85.70
8342,益張,8342.TWO,88.20
8349,恒耀,8349.TWO,61.20
8354,冠好,8354.TWO,14.90
8358,金居,8358.TWO,58.40
8367,建新國際,8367.TW,46.00
8374,羅昇,8374.TW,139.50
8383,千附,8383.TWO,45.40
8390,金益鼎,8390.TWO,61.20
8401,白紗科,8401.TWO,30.30
8403,盛弘,8403.TWO,29.00
8404,百和興業-KY,8404.TW,29.00
8409,商之器,8409.TWO,23.50
8410,森田,8410.TWO,80.40
8411,福貞-KY,8411.TW,13.25
8415,大國鋼,8415.TWO,33.75
8416,實威,8416.TWO,164.50
8421,旭源,8421.TWO,15.00
8422,可寧衛,8422.TW,180.00
8423,保綠-KY,8423.TWO,20.50
8424,惠普,8424.TWO,68.20
8426,紅木-KY,8426.TWO,43.50
8429,金麗-KY,8429.TW,11.00
8431,匯鑽科,8431.TWO,61.50
8432,東生華,8432.TWO,61.30
8433,弘帆,8433.TWO,85.50
8435,鉅邁,8435.TWO,72.50
8436,大江,8436.TWO,123.50
8437,大地-KY,8437.TWO,25.50
8438,昶昕,8438.TW,31.15
8440,綠電,8440.TWO,36.45
8442,威宏-KY,8442.TW,107.00
8443,阿瘦,8443.TW,11.50
8444,綠河-KY,8444.TWO,31.45
8446,華研,8446.TWO,116.00
8450,霹靂,8450.TWO,24.80
8454,富邦媒,8454.TW,335.00
8455,大拓-KY,8455.TWO,30.25
8462,柏文,8462.TW,112.50
8463,潤泰材,8463.TW,25.60
8464,億豐,8464.TW,366.50
8466,美吉吉-KY,8466.TW,41.00
8467,波力-KY,8467.TW,287.00
8472,夠麻吉,8472.TWO,25.15
8473,山林水,8473.TW,36.00
8476,台境*,8476.TW,24.60
8477,創業家,8477.TWO,12.30
8478,東哥遊艇,8478.TW,206.00
8481,政伸,8481.TW,50.10
8482,商億-KY,8482.TW,89.10
8487,愛爾達-創,8487.TW,73.70
8488,吉源-KY,8488.TW,14.00
8489,三貝德,8489.TWO,36.85
8499,鼎炫-KY,8499.TW,116.00
8905,裕國,8905.TWO,31.80
8906,花王,8906.TWO,36.00
8908,欣雄,8908.TWO,46.10
8916,光隆,8916.TWO,57.50
8917,欣泰,8917.TWO,63.90
8921,沈氏,8921.TWO,26.80
8923,時報,8923.TWO,19.20
8924,大田,8924.TWO,73.60
8926,台汽電,8926.TW,41.55
8927,北基,8927.TWO,49.25
8928,鉅明,8928.TWO,33.60
8929,富堡,8929.TWO,25.30
8930,青鋼,8930.TWO,34.55
8931,大汽電,8931.TWO,48.65
8932,智通*,8932.TWO,93.20
8933,愛地雅,8933.TWO,8.37
8935,邦泰,8935.TWO,22.35
8936,國統,8936.TWO,48.40
8937,合騏,8937.TWO,149.00
8938,明安,8938.TWO,74.90
8940,新天地,8940.TW,24.30
8941,關中,8941.TWO,66.40
8942,森鉅,8942.TWO,51.40
8996,高力,8996.TW,313.50
9103,美德醫療-DR,9103.TW,6.52
9105,泰金寶-DR,9105.TW,9.48
9110,越南控-DR,9110.TW,7.00
9136,巨騰-DR,9136.TW,6.75
9802,鈺齊-KY,9802.TW,118.00
9902,台火,9902.TW,15.95
9904,寶成,9904.TW,37.10
9905,大華,9905.TW,22.85
9906,欣巴巴,9906.TW,121.00
9907,統一實,9907.TW,15.20
9908,大台北,9908.TW,30.05
9910,豐泰,9910.TW,132.50
9911,櫻花,9911.TW,83.20
9912,偉聯,9912.TW,12.15
9914,美利達,9914.TW,153.00
9917,中保科,9917.TW,123.50
9918,欣天然,9918.TW,39.60
9919,康那香,9919.TW,18.50
9921,巨大,9921.TW,141.50
9924,福興,9924.TW,52.00
9925,新保,9925.TW,40.90
9926,新海,9926.TW,50.80
9927,泰銘,9927.TW,63.70
9928,中視,9928.TW,16.50
9929,秋雨,9929.TW,15.30
9930,中聯資源,9930.TW,66.80
9931,欣高,9931.TW,34.10
9933,中鼎,9933.TW,38.75
9934,成霖,9934.TW,13.65
9935,慶豐富,9935.TW,28.80
9937,全國,9937.TW,63.20
9938,百和,9938.TW,68.20
9939,宏全,9939.TW,147.00
9940,信義,9940.TW,28.50
9941,裕融,9941.TW,104.00
9942,茂順,9942.TW,113.00
9943,好樂迪,9943.TW,78.90
9944,新麗,9944.TW,20.75
9945,潤泰新,9945.TW,42.70
9946,三發地產,9946.TW,22.60
9949,琉園,9949.TWO,25.80
9950,萬國通,9950.TWO,15.40
9951,皇田,9951.TWO,53.80
9955,佳龍,9955.TW,28.45
9958,世紀鋼,9958.TW,164.00
9960,邁達康,9960.TWO,25.45
9962,有益,9962.TWO,14.55
0050,元大台灣50,0050.TW,195.65
0051,元大中型100,0051.TW,76.95
0052,富邦科技,0052.TW,194.35
0053,元大電子,0053.TW,103.00
0055,元大MSCI金融,0055.TW,28.12
0056,元大高股息,0056.TW,36.64
0057,富邦摩台,0057.TW,143.85
0061,元大寶滬深,0061.TW,19.60
